#timestamp [ns],filename
129827000000,129827000000.png
129884000000,129884000000.png
129906000000,129906000000.png
129928000000,129928000000.png
129961000000,129961000000.png
129995000000,129995000000.png
130027000000,130027000000.png
130061000000,130061000000.png
130094000000,130094000000.png
130127000000,130127000000.png
130161000000,130161000000.png
130195000000,130195000000.png
130227000000,130227000000.png
130261000000,130261000000.png
130296000000,130296000000.png
130327000000,130327000000.png
130361000000,130361000000.png
130394000000,130394000000.png
130427000000,130427000000.png
130461000000,130461000000.png
130494000000,130494000000.png
130527000000,130527000000.png
130561000000,130561000000.png
130594000000,130594000000.png
130627000000,130627000000.png
130661000000,130661000000.png
130694000000,130694000000.png
130727000000,130727000000.png
130762000000,130762000000.png
130794000000,130794000000.png
130827000000,130827000000.png
130861000000,130861000000.png
130894000000,130894000000.png
130927000000,130927000000.png
130961000000,130961000000.png
130994000000,130994000000.png
131027000000,131027000000.png
131061000000,131061000000.png
131094000000,131094000000.png
131127000000,131127000000.png
131161000000,131161000000.png
131194000000,131194000000.png
131227000000,131227000000.png
131261000000,131261000000.png
131295000000,131295000000.png
131327000000,131327000000.png
131361000000,131361000000.png
131394000000,131394000000.png
131427000000,131427000000.png
131461000000,131461000000.png
131494000000,131494000000.png
131528000000,131528000000.png
131562000000,131562000000.png
131594000000,131594000000.png
131628000000,131628000000.png
131661000000,131661000000.png
131696000000,131696000000.png
131729000000,131729000000.png
131761000000,131761000000.png
131794000000,131794000000.png
131827000000,131827000000.png
131861000000,131861000000.png
131894000000,131894000000.png
131927000000,131927000000.png
131961000000,131961000000.png
131994000000,131994000000.png
132027000000,132027000000.png
132061000000,132061000000.png
132094000000,132094000000.png
132127000000,132127000000.png
132161000000,132161000000.png
132195000000,132195000000.png
132228000000,132228000000.png
132261000000,132261000000.png
132294000000,132294000000.png
132327000000,132327000000.png
132361000000,132361000000.png
132394000000,132394000000.png
132427000000,132427000000.png
132461000000,132461000000.png
132494000000,132494000000.png
132527000000,132527000000.png
132566000000,132566000000.png
132594000000,132594000000.png
132627000000,132627000000.png
132662000000,132662000000.png
132694000000,132694000000.png
132727000000,132727000000.png
132762000000,132762000000.png
132794000000,132794000000.png
132827000000,132827000000.png
132861000000,132861000000.png
132894000000,132894000000.png
132927000000,132927000000.png
132962000000,132962000000.png
132994000000,132994000000.png
133027000000,133027000000.png
133061000000,133061000000.png
133094000000,133094000000.png
133127000000,133127000000.png
133161000000,133161000000.png
133194000000,133194000000.png
133227000000,133227000000.png
133261000000,133261000000.png
133294000000,133294000000.png
133327000000,133327000000.png
133361000000,133361000000.png
133394000000,133394000000.png
133427000000,133427000000.png
133461000000,133461000000.png
133494000000,133494000000.png
133527000000,133527000000.png
133561000000,133561000000.png
133594000000,133594000000.png
133627000000,133627000000.png
133662000000,133662000000.png
133694000000,133694000000.png
133727000000,133727000000.png
133761000000,133761000000.png
133796000000,133796000000.png
133828000000,133828000000.png
133861000000,133861000000.png
133894000000,133894000000.png
133928000000,133928000000.png
133962000000,133962000000.png
133994000000,133994000000.png
134028000000,134028000000.png
134061000000,134061000000.png
134094000000,134094000000.png
134127000000,134127000000.png
134161000000,134161000000.png
134194000000,134194000000.png
134227000000,134227000000.png
134261000000,134261000000.png
134299000000,134299000000.png
134328000000,134328000000.png
134361000000,134361000000.png
134394000000,134394000000.png
134427000000,134427000000.png
134461000000,134461000000.png
134494000000,134494000000.png
134527000000,134527000000.png
134561000000,134561000000.png
134594000000,134594000000.png
134628000000,134628000000.png
134661000000,134661000000.png
134694000000,134694000000.png
134727000000,134727000000.png
134761000000,134761000000.png
134794000000,134794000000.png
134827000000,134827000000.png
134861000000,134861000000.png
134894000000,134894000000.png
134927000000,134927000000.png
134961000000,134961000000.png
134997000000,134997000000.png
135028000000,135028000000.png
135061000000,135061000000.png
135094000000,135094000000.png
135127000000,135127000000.png
135161000000,135161000000.png
135194000000,135194000000.png
135227000000,135227000000.png
135262000000,135262000000.png
135294000000,135294000000.png
135327000000,135327000000.png
135362000000,135362000000.png
135394000000,135394000000.png
135428000000,135428000000.png
135461000000,135461000000.png
135494000000,135494000000.png
135528000000,135528000000.png
135561000000,135561000000.png
135594000000,135594000000.png
135627000000,135627000000.png
135661000000,135661000000.png
135696000000,135696000000.png
135727000000,135727000000.png
135761000000,135761000000.png
135794000000,135794000000.png
135829000000,135829000000.png
135861000000,135861000000.png
135894000000,135894000000.png
135927000000,135927000000.png
135962000000,135962000000.png
135994000000,135994000000.png
136027000000,136027000000.png
136061000000,136061000000.png
136094000000,136094000000.png
136127000000,136127000000.png
136161000000,136161000000.png
136195000000,136195000000.png
136227000000,136227000000.png
136261000000,136261000000.png
136294000000,136294000000.png
136327000000,136327000000.png
136362000000,136362000000.png
136395000000,136395000000.png
136427000000,136427000000.png
136461000000,136461000000.png
136494000000,136494000000.png
136527000000,136527000000.png
136561000000,136561000000.png
136594000000,136594000000.png
136627000000,136627000000.png
136662000000,136662000000.png
136694000000,136694000000.png
136727000000,136727000000.png
136761000000,136761000000.png
136794000000,136794000000.png
136827000000,136827000000.png
136861000000,136861000000.png
136894000000,136894000000.png
136927000000,136927000000.png
136962000000,136962000000.png
136994000000,136994000000.png
137028000000,137028000000.png
137061000000,137061000000.png
137094000000,137094000000.png
137128000000,137128000000.png
137161000000,137161000000.png
137194000000,137194000000.png
137227000000,137227000000.png
137262000000,137262000000.png
137296000000,137296000000.png
137328000000,137328000000.png
137361000000,137361000000.png
137395000000,137395000000.png
137427000000,137427000000.png
137461000000,137461000000.png
137494000000,137494000000.png
137528000000,137528000000.png
137561000000,137561000000.png
137594000000,137594000000.png
137628000000,137628000000.png
137661000000,137661000000.png
137694000000,137694000000.png
137727000000,137727000000.png
137761000000,137761000000.png
137794000000,137794000000.png
137827000000,137827000000.png
137861000000,137861000000.png
137894000000,137894000000.png
137927000000,137927000000.png
137961000000,137961000000.png
137995000000,137995000000.png
138027000000,138027000000.png
138061000000,138061000000.png
138094000000,138094000000.png
138127000000,138127000000.png
138161000000,138161000000.png
138194000000,138194000000.png
138227000000,138227000000.png
138261000000,138261000000.png
138294000000,138294000000.png
138329000000,138329000000.png
138361000000,138361000000.png
138395000000,138395000000.png
138427000000,138427000000.png
138462000000,138462000000.png
138494000000,138494000000.png
138527000000,138527000000.png
138561000000,138561000000.png
138594000000,138594000000.png
138628000000,138628000000.png
138661000000,138661000000.png
138694000000,138694000000.png
138727000000,138727000000.png
138762000000,138762000000.png
138795000000,138795000000.png
138827000000,138827000000.png
138861000000,138861000000.png
138894000000,138894000000.png
138927000000,138927000000.png
138961000000,138961000000.png
138994000000,138994000000.png
139028000000,139028000000.png
139061000000,139061000000.png
139094000000,139094000000.png
139128000000,139128000000.png
139161000000,139161000000.png
139194000000,139194000000.png
139227000000,139227000000.png
139261000000,139261000000.png
139295000000,139295000000.png
139327000000,139327000000.png
139361000000,139361000000.png
139394000000,139394000000.png
139428000000,139428000000.png
139461000000,139461000000.png
139495000000,139495000000.png
139529000000,139529000000.png
139561000000,139561000000.png
139594000000,139594000000.png
139628000000,139628000000.png
139661000000,139661000000.png
139694000000,139694000000.png
139728000000,139728000000.png
139762000000,139762000000.png
139795000000,139795000000.png
139828000000,139828000000.png
139861000000,139861000000.png
139895000000,139895000000.png
139927000000,139927000000.png
139961000000,139961000000.png
139994000000,139994000000.png
140027000000,140027000000.png
140061000000,140061000000.png
140094000000,140094000000.png
140128000000,140128000000.png
140161000000,140161000000.png
140194000000,140194000000.png
140228000000,140228000000.png
140261000000,140261000000.png
140295000000,140295000000.png
140327000000,140327000000.png
140363000000,140363000000.png
140394000000,140394000000.png
140427000000,140427000000.png
140461000000,140461000000.png
140494000000,140494000000.png
140528000000,140528000000.png
140561000000,140561000000.png
140596000000,140596000000.png
140627000000,140627000000.png
140662000000,140662000000.png
140694000000,140694000000.png
140727000000,140727000000.png
140761000000,140761000000.png
140796000000,140796000000.png
140827000000,140827000000.png
140861000000,140861000000.png
140894000000,140894000000.png
140927000000,140927000000.png
140961000000,140961000000.png
140994000000,140994000000.png
141028000000,141028000000.png
141061000000,141061000000.png
141094000000,141094000000.png
141127000000,141127000000.png
141161000000,141161000000.png
141194000000,141194000000.png
141228000000,141228000000.png
141262000000,141262000000.png
141295000000,141295000000.png
141327000000,141327000000.png
141361000000,141361000000.png
141394000000,141394000000.png
141428000000,141428000000.png
141461000000,141461000000.png
141494000000,141494000000.png
141527000000,141527000000.png
141561000000,141561000000.png
141594000000,141594000000.png
141627000000,141627000000.png
141662000000,141662000000.png
141695000000,141695000000.png
141728000000,141728000000.png
141762000000,141762000000.png
141794000000,141794000000.png
141829000000,141829000000.png
141861000000,141861000000.png
141894000000,141894000000.png
141927000000,141927000000.png
141962000000,141962000000.png
141996000000,141996000000.png
142027000000,142027000000.png
142061000000,142061000000.png
142096000000,142096000000.png
142127000000,142127000000.png
142161000000,142161000000.png
142195000000,142195000000.png
142228000000,142228000000.png
142261000000,142261000000.png
142295000000,142295000000.png
142328000000,142328000000.png
142361000000,142361000000.png
142394000000,142394000000.png
142427000000,142427000000.png
142461000000,142461000000.png
142494000000,142494000000.png
142528000000,142528000000.png
142561000000,142561000000.png
142594000000,142594000000.png
142627000000,142627000000.png
142661000000,142661000000.png
142695000000,142695000000.png
142727000000,142727000000.png
142761000000,142761000000.png
142796000000,142796000000.png
142827000000,142827000000.png
142861000000,142861000000.png
142895000000,142895000000.png
142927000000,142927000000.png
142961000000,142961000000.png
142995000000,142995000000.png
143028000000,143028000000.png
143061000000,143061000000.png
143094000000,143094000000.png
143128000000,143128000000.png
143161000000,143161000000.png
143195000000,143195000000.png
143227000000,143227000000.png
143261000000,143261000000.png
143294000000,143294000000.png
143328000000,143328000000.png
143362000000,143362000000.png
143394000000,143394000000.png
143427000000,143427000000.png
143461000000,143461000000.png
143494000000,143494000000.png
143527000000,143527000000.png
143561000000,143561000000.png
143594000000,143594000000.png
143628000000,143628000000.png
143661000000,143661000000.png
143694000000,143694000000.png
143727000000,143727000000.png
143761000000,143761000000.png
143794000000,143794000000.png
143827000000,143827000000.png
143861000000,143861000000.png
143894000000,143894000000.png
143928000000,143928000000.png
143961000000,143961000000.png
143994000000,143994000000.png
144027000000,144027000000.png
144061000000,144061000000.png
144094000000,144094000000.png
144127000000,144127000000.png
144162000000,144162000000.png
144194000000,144194000000.png
144227000000,144227000000.png
144261000000,144261000000.png
144294000000,144294000000.png
144327000000,144327000000.png
144361000000,144361000000.png
144395000000,144395000000.png
144427000000,144427000000.png
144461000000,144461000000.png
144494000000,144494000000.png
144527000000,144527000000.png
144561000000,144561000000.png
144594000000,144594000000.png
144627000000,144627000000.png
144663000000,144663000000.png
144695000000,144695000000.png
144727000000,144727000000.png
144761000000,144761000000.png
144794000000,144794000000.png
144828000000,144828000000.png
144861000000,144861000000.png
144894000000,144894000000.png
144927000000,144927000000.png
144961000000,144961000000.png
144994000000,144994000000.png
145027000000,145027000000.png
145061000000,145061000000.png
145094000000,145094000000.png
145128000000,145128000000.png
145162000000,145162000000.png
145195000000,145195000000.png
145227000000,145227000000.png
145262000000,145262000000.png
145294000000,145294000000.png
145327000000,145327000000.png
145362000000,145362000000.png
145394000000,145394000000.png
145428000000,145428000000.png
145461000000,145461000000.png
145494000000,145494000000.png
145528000000,145528000000.png
145561000000,145561000000.png
145594000000,145594000000.png
145627000000,145627000000.png
145661000000,145661000000.png
145694000000,145694000000.png
145727000000,145727000000.png
145761000000,145761000000.png
145794000000,145794000000.png
145827000000,145827000000.png
145861000000,145861000000.png
145894000000,145894000000.png
145927000000,145927000000.png
145962000000,145962000000.png
145995000000,145995000000.png
146028000000,146028000000.png
146061000000,146061000000.png
146095000000,146095000000.png
146127000000,146127000000.png
146162000000,146162000000.png
146195000000,146195000000.png
146227000000,146227000000.png
146261000000,146261000000.png
146294000000,146294000000.png
146327000000,146327000000.png
146361000000,146361000000.png
146395000000,146395000000.png
146427000000,146427000000.png
146461000000,146461000000.png
146495000000,146495000000.png
146528000000,146528000000.png
146561000000,146561000000.png
146594000000,146594000000.png
146628000000,146628000000.png
146661000000,146661000000.png
146695000000,146695000000.png
146727000000,146727000000.png
146762000000,146762000000.png
146794000000,146794000000.png
146827000000,146827000000.png
146861000000,146861000000.png
146894000000,146894000000.png
146928000000,146928000000.png
146961000000,146961000000.png
146994000000,146994000000.png
147027000000,147027000000.png
147061000000,147061000000.png
147094000000,147094000000.png
147127000000,147127000000.png
147161000000,147161000000.png
147194000000,147194000000.png
147227000000,147227000000.png
147261000000,147261000000.png
147294000000,147294000000.png
147327000000,147327000000.png
147361000000,147361000000.png
147396000000,147396000000.png
147427000000,147427000000.png
147463000000,147463000000.png
147494000000,147494000000.png
147528000000,147528000000.png
147561000000,147561000000.png
147595000000,147595000000.png
147628000000,147628000000.png
147662000000,147662000000.png
147694000000,147694000000.png
147727000000,147727000000.png
147761000000,147761000000.png
147796000000,147796000000.png
147827000000,147827000000.png
147861000000,147861000000.png
147894000000,147894000000.png
147928000000,147928000000.png
147962000000,147962000000.png
147994000000,147994000000.png
148027000000,148027000000.png
148061000000,148061000000.png
148094000000,148094000000.png
148128000000,148128000000.png
148161000000,148161000000.png
148194000000,148194000000.png
148227000000,148227000000.png
148262000000,148262000000.png
148294000000,148294000000.png
148328000000,148328000000.png
148362000000,148362000000.png
148394000000,148394000000.png
148427000000,148427000000.png
148462000000,148462000000.png
148495000000,148495000000.png
148528000000,148528000000.png
148561000000,148561000000.png
148594000000,148594000000.png
148628000000,148628000000.png
148661000000,148661000000.png
148694000000,148694000000.png
148727000000,148727000000.png
148763000000,148763000000.png
148795000000,148795000000.png
148827000000,148827000000.png
148861000000,148861000000.png
148894000000,148894000000.png
148927000000,148927000000.png
148962000000,148962000000.png
148994000000,148994000000.png
149027000000,149027000000.png
149061000000,149061000000.png
149094000000,149094000000.png
149127000000,149127000000.png
149161000000,149161000000.png
149195000000,149195000000.png
149227000000,149227000000.png
149261000000,149261000000.png
149296000000,149296000000.png
149327000000,149327000000.png
149361000000,149361000000.png
149395000000,149395000000.png
149427000000,149427000000.png
149462000000,149462000000.png
149495000000,149495000000.png
149527000000,149527000000.png
149562000000,149562000000.png
149594000000,149594000000.png
149628000000,149628000000.png
149661000000,149661000000.png
149695000000,149695000000.png
149728000000,149728000000.png
149761000000,149761000000.png
149794000000,149794000000.png
149828000000,149828000000.png
149861000000,149861000000.png
149895000000,149895000000.png
149927000000,149927000000.png
149961000000,149961000000.png
149994000000,149994000000.png
150028000000,150028000000.png
150061000000,150061000000.png
150094000000,150094000000.png
150127000000,150127000000.png
150162000000,150162000000.png
150194000000,150194000000.png
150228000000,150228000000.png
150261000000,150261000000.png
150294000000,150294000000.png
150327000000,150327000000.png
150361000000,150361000000.png
150394000000,150394000000.png
150428000000,150428000000.png
150461000000,150461000000.png
150494000000,150494000000.png
150527000000,150527000000.png
150562000000,150562000000.png
150595000000,150595000000.png
150629000000,150629000000.png
150662000000,150662000000.png
150694000000,150694000000.png
150727000000,150727000000.png
150761000000,150761000000.png
150794000000,150794000000.png
150828000000,150828000000.png
150861000000,150861000000.png
150894000000,150894000000.png
150927000000,150927000000.png
150961000000,150961000000.png
150994000000,150994000000.png
151029000000,151029000000.png
151061000000,151061000000.png
151095000000,151095000000.png
151128000000,151128000000.png
151161000000,151161000000.png
151194000000,151194000000.png
151227000000,151227000000.png
151261000000,151261000000.png
151295000000,151295000000.png
151327000000,151327000000.png
151361000000,151361000000.png
151394000000,151394000000.png
151427000000,151427000000.png
151461000000,151461000000.png
151494000000,151494000000.png
151527000000,151527000000.png
151561000000,151561000000.png
151594000000,151594000000.png
151627000000,151627000000.png
151661000000,151661000000.png
151694000000,151694000000.png
151728000000,151728000000.png
151762000000,151762000000.png
151795000000,151795000000.png
151827000000,151827000000.png
151861000000,151861000000.png
151894000000,151894000000.png
151927000000,151927000000.png
151962000000,151962000000.png
151994000000,151994000000.png
152029000000,152029000000.png
152062000000,152062000000.png
152095000000,152095000000.png
152127000000,152127000000.png
152161000000,152161000000.png
152194000000,152194000000.png
152228000000,152228000000.png
152261000000,152261000000.png
152294000000,152294000000.png
152327000000,152327000000.png
152361000000,152361000000.png
152394000000,152394000000.png
152427000000,152427000000.png
152462000000,152462000000.png
152494000000,152494000000.png
152527000000,152527000000.png
152561000000,152561000000.png
152594000000,152594000000.png
152627000000,152627000000.png
152662000000,152662000000.png
152696000000,152696000000.png
152728000000,152728000000.png
152761000000,152761000000.png
152794000000,152794000000.png
152828000000,152828000000.png
152861000000,152861000000.png
152894000000,152894000000.png
152927000000,152927000000.png
152961000000,152961000000.png
152995000000,152995000000.png
153027000000,153027000000.png
153061000000,153061000000.png
153094000000,153094000000.png
153127000000,153127000000.png
153161000000,153161000000.png
153195000000,153195000000.png
153227000000,153227000000.png
153261000000,153261000000.png
153294000000,153294000000.png
153327000000,153327000000.png
153361000000,153361000000.png
153394000000,153394000000.png
153429000000,153429000000.png
153462000000,153462000000.png
153494000000,153494000000.png
153527000000,153527000000.png
153561000000,153561000000.png
153594000000,153594000000.png
153627000000,153627000000.png
153661000000,153661000000.png
153695000000,153695000000.png
153727000000,153727000000.png
153761000000,153761000000.png
153794000000,153794000000.png
153827000000,153827000000.png
153862000000,153862000000.png
153894000000,153894000000.png
153928000000,153928000000.png
153961000000,153961000000.png
153994000000,153994000000.png
154027000000,154027000000.png
154061000000,154061000000.png
154096000000,154096000000.png
154128000000,154128000000.png
154162000000,154162000000.png
154194000000,154194000000.png
154227000000,154227000000.png
154261000000,154261000000.png
154294000000,154294000000.png
154327000000,154327000000.png
154363000000,154363000000.png
154395000000,154395000000.png
154427000000,154427000000.png
154461000000,154461000000.png
154494000000,154494000000.png
154527000000,154527000000.png
154561000000,154561000000.png
154596000000,154596000000.png
154628000000,154628000000.png
154661000000,154661000000.png
154696000000,154696000000.png
154727000000,154727000000.png
154761000000,154761000000.png
154795000000,154795000000.png
154827000000,154827000000.png
154861000000,154861000000.png
154894000000,154894000000.png
154927000000,154927000000.png
154961000000,154961000000.png
154994000000,154994000000.png
155028000000,155028000000.png
155062000000,155062000000.png
155096000000,155096000000.png
155128000000,155128000000.png
155161000000,155161000000.png
155194000000,155194000000.png
155228000000,155228000000.png
155261000000,155261000000.png
155294000000,155294000000.png
155327000000,155327000000.png
155362000000,155362000000.png
155396000000,155396000000.png
155429000000,155429000000.png
155461000000,155461000000.png
155494000000,155494000000.png
155527000000,155527000000.png
155561000000,155561000000.png
155594000000,155594000000.png
155627000000,155627000000.png
155661000000,155661000000.png
155694000000,155694000000.png
155727000000,155727000000.png
155761000000,155761000000.png
155794000000,155794000000.png
155828000000,155828000000.png
155861000000,155861000000.png
155895000000,155895000000.png
155928000000,155928000000.png
155961000000,155961000000.png
155995000000,155995000000.png
156027000000,156027000000.png
156061000000,156061000000.png
156094000000,156094000000.png
156127000000,156127000000.png
156162000000,156162000000.png
156194000000,156194000000.png
156228000000,156228000000.png
156261000000,156261000000.png
156294000000,156294000000.png
156327000000,156327000000.png
156362000000,156362000000.png
156394000000,156394000000.png
156427000000,156427000000.png
156461000000,156461000000.png
156494000000,156494000000.png
156528000000,156528000000.png
156561000000,156561000000.png
156594000000,156594000000.png
156627000000,156627000000.png
156662000000,156662000000.png
156694000000,156694000000.png
156728000000,156728000000.png
156761000000,156761000000.png
156796000000,156796000000.png
156827000000,156827000000.png
156861000000,156861000000.png
156894000000,156894000000.png
156927000000,156927000000.png
156961000000,156961000000.png
156995000000,156995000000.png
157027000000,157027000000.png
157061000000,157061000000.png
157094000000,157094000000.png
157128000000,157128000000.png
157161000000,157161000000.png
157194000000,157194000000.png
157228000000,157228000000.png
157261000000,157261000000.png
157294000000,157294000000.png
157328000000,157328000000.png
157362000000,157362000000.png
157394000000,157394000000.png
157429000000,157429000000.png
157461000000,157461000000.png
157494000000,157494000000.png
157527000000,157527000000.png
157561000000,157561000000.png
157594000000,157594000000.png
157628000000,157628000000.png
157661000000,157661000000.png
157694000000,157694000000.png
157728000000,157728000000.png
157761000000,157761000000.png
157794000000,157794000000.png
157829000000,157829000000.png
157861000000,157861000000.png
157894000000,157894000000.png
157928000000,157928000000.png
157961000000,157961000000.png
157994000000,157994000000.png
158027000000,158027000000.png
158062000000,158062000000.png
158094000000,158094000000.png
158127000000,158127000000.png
158161000000,158161000000.png
158194000000,158194000000.png
158228000000,158228000000.png
158261000000,158261000000.png
158294000000,158294000000.png
158327000000,158327000000.png
158361000000,158361000000.png
158394000000,158394000000.png
158427000000,158427000000.png
158462000000,158462000000.png
158496000000,158496000000.png
158527000000,158527000000.png
158561000000,158561000000.png
158594000000,158594000000.png
158627000000,158627000000.png
158661000000,158661000000.png
158694000000,158694000000.png
158728000000,158728000000.png
158761000000,158761000000.png
158794000000,158794000000.png
158827000000,158827000000.png
158861000000,158861000000.png
158894000000,158894000000.png
158927000000,158927000000.png
158962000000,158962000000.png
158995000000,158995000000.png
159027000000,159027000000.png
159061000000,159061000000.png
159094000000,159094000000.png
159128000000,159128000000.png
159161000000,159161000000.png
159194000000,159194000000.png
159227000000,159227000000.png
159261000000,159261000000.png
159294000000,159294000000.png
159327000000,159327000000.png
159361000000,159361000000.png
159394000000,159394000000.png
159427000000,159427000000.png
159461000000,159461000000.png
159494000000,159494000000.png
159527000000,159527000000.png
159561000000,159561000000.png
159594000000,159594000000.png
159628000000,159628000000.png
159662000000,159662000000.png
159694000000,159694000000.png
159727000000,159727000000.png
159761000000,159761000000.png
159794000000,159794000000.png
159827000000,159827000000.png
159862000000,159862000000.png
159894000000,159894000000.png
159928000000,159928000000.png
159961000000,159961000000.png
159994000000,159994000000.png
160027000000,160027000000.png
160061000000,160061000000.png
160094000000,160094000000.png
160127000000,160127000000.png
160162000000,160162000000.png
160194000000,160194000000.png
160227000000,160227000000.png
160261000000,160261000000.png
160294000000,160294000000.png
160328000000,160328000000.png
160361000000,160361000000.png
160394000000,160394000000.png
160427000000,160427000000.png
160461000000,160461000000.png
160494000000,160494000000.png
160527000000,160527000000.png
160561000000,160561000000.png
160595000000,160595000000.png
160627000000,160627000000.png
160662000000,160662000000.png
160694000000,160694000000.png
160728000000,160728000000.png
160761000000,160761000000.png
160794000000,160794000000.png
160827000000,160827000000.png
160861000000,160861000000.png
160895000000,160895000000.png
160928000000,160928000000.png
160962000000,160962000000.png
160994000000,160994000000.png
161027000000,161027000000.png
161061000000,161061000000.png
161094000000,161094000000.png
161127000000,161127000000.png
161161000000,161161000000.png
161194000000,161194000000.png
161227000000,161227000000.png
161261000000,161261000000.png
161294000000,161294000000.png
161328000000,161328000000.png
161362000000,161362000000.png
161395000000,161395000000.png
161427000000,161427000000.png
161461000000,161461000000.png
161494000000,161494000000.png
161527000000,161527000000.png
161561000000,161561000000.png
161594000000,161594000000.png
161627000000,161627000000.png
161661000000,161661000000.png
161694000000,161694000000.png
161727000000,161727000000.png
161762000000,161762000000.png
161795000000,161795000000.png
161827000000,161827000000.png
161862000000,161862000000.png
161896000000,161896000000.png
161928000000,161928000000.png
161961000000,161961000000.png
161994000000,161994000000.png
162027000000,162027000000.png
162062000000,162062000000.png
162094000000,162094000000.png
162127000000,162127000000.png
162161000000,162161000000.png
162195000000,162195000000.png
162227000000,162227000000.png
162263000000,162263000000.png
162294000000,162294000000.png
162327000000,162327000000.png
162362000000,162362000000.png
162394000000,162394000000.png
162427000000,162427000000.png
162461000000,162461000000.png
162494000000,162494000000.png
162527000000,162527000000.png
162562000000,162562000000.png
162594000000,162594000000.png
162627000000,162627000000.png
162661000000,162661000000.png
162695000000,162695000000.png
162727000000,162727000000.png
162761000000,162761000000.png
162794000000,162794000000.png
162827000000,162827000000.png
162861000000,162861000000.png
162894000000,162894000000.png
162927000000,162927000000.png
162961000000,162961000000.png
162994000000,162994000000.png
163027000000,163027000000.png
163061000000,163061000000.png
163094000000,163094000000.png
163127000000,163127000000.png
163161000000,163161000000.png
163194000000,163194000000.png
163227000000,163227000000.png
163261000000,163261000000.png
163294000000,163294000000.png
163328000000,163328000000.png
163361000000,163361000000.png
163395000000,163395000000.png
163427000000,163427000000.png
163461000000,163461000000.png
163494000000,163494000000.png
163527000000,163527000000.png
163563000000,163563000000.png
163594000000,163594000000.png
163627000000,163627000000.png
163661000000,163661000000.png
163695000000,163695000000.png
163727000000,163727000000.png
163761000000,163761000000.png
163795000000,163795000000.png
163827000000,163827000000.png
163861000000,163861000000.png
163894000000,163894000000.png
163928000000,163928000000.png
163962000000,163962000000.png
163994000000,163994000000.png
164027000000,164027000000.png
164061000000,164061000000.png
164096000000,164096000000.png
164127000000,164127000000.png
164161000000,164161000000.png
164194000000,164194000000.png
164228000000,164228000000.png
164262000000,164262000000.png
164294000000,164294000000.png
164328000000,164328000000.png
164361000000,164361000000.png
164394000000,164394000000.png
164428000000,164428000000.png
164461000000,164461000000.png
164494000000,164494000000.png
164527000000,164527000000.png
164562000000,164562000000.png
164594000000,164594000000.png
164627000000,164627000000.png
164661000000,164661000000.png
164694000000,164694000000.png
164727000000,164727000000.png
164761000000,164761000000.png
164795000000,164795000000.png
164827000000,164827000000.png
164861000000,164861000000.png
164895000000,164895000000.png
164928000000,164928000000.png
164961000000,164961000000.png
164994000000,164994000000.png
165029000000,165029000000.png
165061000000,165061000000.png
165095000000,165095000000.png
165128000000,165128000000.png
165161000000,165161000000.png
165194000000,165194000000.png
165227000000,165227000000.png
165261000000,165261000000.png
165294000000,165294000000.png
165327000000,165327000000.png
165361000000,165361000000.png
165396000000,165396000000.png
165427000000,165427000000.png
165461000000,165461000000.png
165494000000,165494000000.png
165528000000,165528000000.png
165561000000,165561000000.png
165596000000,165596000000.png
165627000000,165627000000.png
165662000000,165662000000.png
165694000000,165694000000.png
165727000000,165727000000.png
165761000000,165761000000.png
165795000000,165795000000.png
165827000000,165827000000.png
165861000000,165861000000.png
165894000000,165894000000.png
165928000000,165928000000.png
165961000000,165961000000.png
165994000000,165994000000.png
166027000000,166027000000.png
166061000000,166061000000.png
166094000000,166094000000.png
166127000000,166127000000.png
166162000000,166162000000.png
166194000000,166194000000.png
166227000000,166227000000.png
166263000000,166263000000.png
166295000000,166295000000.png
166327000000,166327000000.png
166361000000,166361000000.png
166394000000,166394000000.png
166427000000,166427000000.png
166461000000,166461000000.png
